{
  "model_name": "Enhanced-CNN-LSTM-with-Attention",
  "accuracy": 0.9826325411334552,
  "precision": 0.9836065573770492,
  "recall": 0.9775967413441955,
  "f1_score": 0.9805924412665985,
  "specificity": 0.9867330016583747,
  "auc": 0.9972979636778767,
  "training_time_seconds": 265.0492196083069,
  "testing_time_ms": 687.758207321167,
  "architecture_features": [
    "Spatial Attention",
    "Channel Attention (SE-Blocks)",
    "Residual Connections",
    "Batch Normalization",
    "LSTM Temporal Modeling"
  ],
  "confusion_matrix": [
    [
      595,
      8
    ],
    [
      11,
      480
    ]
  ]
}