{
  "model_name": "CNNs-without-Aug",
  "accuracy": 0.9835466179159049,
  "precision": 0.9816700610997964,
  "recall": 0.9816700610997964,
  "f1_score": 0.9816700610997964,
  "specificity": 0.9850746268656716,
  "auc": 0.9930760319245592,
  "training_time_seconds": 590.1078805923462,
  "testing_time_ms": 1392.6756381988525,
  "confusion_matrix": [
    [
      594,
      9
    ],
    [
      9,
      482
    ]
  ],
  "hyperparameters": {
    "name": "CNNs-without-Aug",
    "input_shape": [
      224,
      224,
      3
    ],
    "epochs": 100,
    "batch_size": 30,
    "learning_rate": 0.0001,
    "optimizer": "adam",
    "loss": "binary_crossentropy",
    "augmentation": false,
    "total_params": 2129250,
    "target_accuracy": 0.9922
  }
}