{
  "model_name": "CNN-SVM-with-Aug",
  "accuracy": 0.5630712979890311,
  "precision": 0.8421052631578947,
  "recall": 0.032586558044806514,
  "f1_score": 0.06274509803921569
}