{
  "model_name": "CNN-LSTM-with-Aug",
  "accuracy": 0.9872029250457038,
  "precision": 0.9917525773195877,
  "recall": 0.9796334012219959,
  "f1_score": 0.985655737704918,
  "specificity": 0.9933665008291874,
  "auc": 0.9981187072107218,
  "training_time_seconds": 24.46928858757019,
  "testing_time_ms": 523.7936973571777,
  "confusion_matrix": [
    [
      599,
      4
    ],
    [
      10,
      481
    ]
  ]
}