{
  "model_name": "CNNs-without-Aug",
  "accuracy": 0.9844606946983546,
  "precision": 0.985655737704918,
  "recall": 0.9796334012219959,
  "f1_score": 0.982635342185904,
  "specificity": 0.988391376451078,
  "auc": 0.9948593758971604,
  "training_time_seconds": 443.4643235206604,
  "testing_time_ms": 1105.0701141357422,
  "confusion_matrix": [
    [
      596,
      7
    ],
    [
      10,
      481
    ]
  ],
  "hyperparameters": {
    "name": "CNNs-without-Aug",
    "input_shape": [
      224,
      224,
      3
    ],
    "epochs": 100,
    "batch_size": 30,
    "learning_rate": 0.0001,
    "optimizer": "adam",
    "loss": "binary_crossentropy",
    "augmentation": false,
    "total_params": 2129250,
    "target_accuracy": 0.9922
  }
}