{
  "model_name": "CNNs-with-Aug",
  "accuracy": 0.6462522851919561,
  "precision": 0.6688311688311688,
  "recall": 0.4195519348268839,
  "f1_score": 0.5156445556946183,
  "specificity": 0.8308457711442786,
  "training_time_seconds": 393.26205372810364,
  "testing_time_ms": 468.9910411834717
}