{
  "model_name": "CNN-LSTM-with-Aug",
  "accuracy": 0.979890310786106,
  "precision": 0.9756592292089249,
  "recall": 0.9796334012219959,
  "f1_score": 0.9776422764227642,
  "specificity": 0.9800995024875622,
  "training_time_seconds": 108.05468511581421,
  "testing_time_ms": 340.470552444458
}