{
  "model_name": "CNNs-without-Aug",
  "accuracy": 0.9826325411334552,
  "precision": 0.9896265560165975,
  "recall": 0.9714867617107943,
  "f1_score": 0.9804727646454265,
  "specificity": 0.9917081260364843,
  "auc": 0.9936975002786476,
  "training_time_seconds": 383.33506989479065,
  "testing_time_ms": 957.7007293701172,
  "confusion_matrix": [
    [
      598,
      5
    ],
    [
      14,
      477
    ]
  ],
  "hyperparameters": {
    "name": "CNNs-without-Aug",
    "input_shape": [
      224,
      224,
      3
    ],
    "epochs": 100,
    "batch_size": 30,
    "learning_rate": 0.0001,
    "optimizer": "adam",
    "loss": "binary_crossentropy",
    "augmentation": false,
    "total_params": 2129250,
    "target_accuracy": 0.9922
  }
}